Detector Type, Detector Time, #KP, Descriptor Type, Descriptor Time, Matcher Type, Selector Type, Matching Time, #Matched KP
FAST,5.29125,149,FREAK,52.2878,FAST,1.88267,152,FREAK,36.7554,MAT_FLANN,SEL_KNN,10.4792,63
FAST,1.35571,150,FREAK,38.4986,MAT_FLANN,SEL_KNN,2.98441,81
FAST,1.35564,155,FREAK,38.3634,MAT_FLANN,SEL_KNN,2.3315,67
FAST,0.92396,149,FREAK,36.4056,MAT_FLANN,SEL_KNN,3.1382,79
FAST,4.28515,149,FREAK,38.3453,MAT_FLANN,SEL_KNN,2.4511,61
FAST,1.67509,156,FREAK,43.6533,MAT_FLANN,SEL_KNN,2.65648,75
FAST,0.938156,150,FREAK,42.9066,MAT_FLANN,SEL_KNN,3.02124,83
FAST,0.999733,138,FREAK,31.1901,MAT_FLANN,SEL_KNN,3.31652,79
FAST,1.23275,143,FREAK,33.9978,MAT_FLANN,SEL_KNN,7.13503,83
