Detector Type, Detector Time, #KP, Descriptor Type, Descriptor Time, Matcher Type, Selector Type, Matching Time, #Matched KP
FAST,8.55965,149,FREAK,39.6483,FAST,1.64807,152,FREAK,31.0247,MAT_FLANN,SEL_NN,9.88845,149
FAST,1.42334,150,FREAK,30.97,MAT_FLANN,SEL_NN,3.09638,152
FAST,1.37897,155,FREAK,31.4268,MAT_FLANN,SEL_NN,2.74683,150
FAST,1.06689,149,FREAK,30.2452,MAT_FLANN,SEL_NN,2.71094,155
FAST,0.903321,149,FREAK,28.7294,MAT_FLANN,SEL_NN,2.45249,149
FAST,0.877725,156,FREAK,30.5514,MAT_FLANN,SEL_NN,2.19484,149
FAST,0.88386,150,FREAK,30.5489,MAT_FLANN,SEL_NN,3.25463,156
FAST,1.43384,138,FREAK,29.413,MAT_FLANN,SEL_NN,2.70476,150
FAST,0.909243,143,FREAK,31.4345,MAT_FLANN,SEL_NN,2.37838,138
