Detector Type, Detector Time, #KP, Descriptor Type, Descriptor Time, Matcher Type, Selector Type, Matching Time, #Matched KP
FAST,6.83136,149,ORB,24.9504,FAST,2.73782,152,ORB,12.8716,MAT_BF,SEL_KNN,5.49988,122
FAST,4.24096,150,ORB,25.5426,MAT_BF,SEL_KNN,2.00538,122
FAST,7.29364,155,ORB,15.0424,MAT_BF,SEL_KNN,1.18279,115
FAST,5.65444,149,ORB,11.2496,MAT_BF,SEL_KNN,1.24304,129
FAST,2.74693,149,ORB,10.4012,MAT_BF,SEL_KNN,0.888915,107
FAST,2.71367,156,ORB,13.0739,MAT_BF,SEL_KNN,1.00988,120
FAST,2.79048,150,ORB,12.4633,MAT_BF,SEL_KNN,0.85909,126
FAST,2.39084,138,ORB,10.2125,MAT_BF,SEL_KNN,1.07015,122
FAST,2.65761,143,ORB,12.7492,MAT_BF,SEL_KNN,1.12278,118
