Detector Type, Detector Time, #KP, Descriptor Type, Descriptor Time, Matcher Type, Selector Type, Matching Time, #Matched KP
FAST,1.77764,149,ORB,6.66081,FAST,1.4604,152,ORB,6.25039,MAT_FLANN,SEL_KNN,3.79882,94
FAST,1.40273,150,ORB,9.72644,MAT_FLANN,SEL_KNN,4.73628,103
FAST,1.36024,155,ORB,6.46045,MAT_FLANN,SEL_KNN,3.5162,89
FAST,2.38185,149,ORB,7.6996,MAT_FLANN,SEL_KNN,3.54452,94
FAST,1.48732,149,ORB,6.27504,MAT_FLANN,SEL_KNN,5.82416,88
FAST,1.51686,156,ORB,6.12546,MAT_FLANN,SEL_KNN,2.25056,96
FAST,2.4235,150,ORB,5.97171,MAT_FLANN,SEL_KNN,5.08219,105
FAST,1.28196,138,ORB,12.5405,MAT_FLANN,SEL_KNN,2.52692,98
FAST,0.840655,143,ORB,3.1606,MAT_FLANN,SEL_KNN,2.33627,98
