Detector Type, Detector Time, #KP, Descriptor Type, Descriptor Time, Matcher Type, Selector Type, Matching Time, #Matched KP
FAST,8.04492,149,ORB,16.3689,FAST,1.60979,152,ORB,6.65415,MAT_FLANN,SEL_NN,15.901,149
FAST,1.86286,150,ORB,7.55759,MAT_FLANN,SEL_NN,1.83183,152
FAST,1.37213,155,ORB,5.60652,MAT_FLANN,SEL_NN,2.98167,150
FAST,1.44065,149,ORB,5.69888,MAT_FLANN,SEL_NN,2.37957,155
FAST,1.35877,149,ORB,5.71906,MAT_FLANN,SEL_NN,3.36641,149
FAST,1.33988,156,ORB,5.88061,MAT_FLANN,SEL_NN,2.69358,149
FAST,1.10716,150,ORB,6.6508,MAT_FLANN,SEL_NN,3.49304,156
FAST,1.10472,138,ORB,12.7578,MAT_FLANN,SEL_NN,2.83631,150
FAST,1.78272,143,ORB,3.73701,MAT_FLANN,SEL_NN,2.01921,138
