Detector Type, Detector Time, #KP, Descriptor Type, Descriptor Time, Matcher Type, Selector Type, Matching Time, #Matched KP
FAST,7.79852,149,SIFT,66.6546,FAST,1.38388,152,SIFT,32.1147,MAT_FLANN,SEL_KNN,12.2599,118
FAST,0.965738,150,SIFT,31.9685,MAT_FLANN,SEL_KNN,4.47824,123
FAST,1.23982,155,SIFT,34.1265,MAT_FLANN,SEL_KNN,2.92547,110
FAST,1.01,149,SIFT,30.5351,MAT_FLANN,SEL_KNN,3.50626,119
FAST,0.966712,149,SIFT,29.9742,MAT_FLANN,SEL_KNN,3.34881,114
FAST,0.903663,156,SIFT,31.2659,MAT_FLANN,SEL_KNN,4.63144,119
FAST,1.34718,150,SIFT,35.8285,MAT_FLANN,SEL_KNN,3.48484,124
FAST,1.30842,138,SIFT,34.2273,MAT_FLANN,SEL_KNN,4.02576,117
FAST,1.35025,143,SIFT,36.9174,MAT_FLANN,SEL_KNN,2.93052,103
