Detector Type, Detector Time, #KP, Descriptor Type, Descriptor Time, Matcher Type, Selector Type, Matching Time, #Matched KP
FAST,8.82638,149,ORB,23.4321,FAST,2.97598,152,ORB,16.8865,MAT_BF,SEL_NN,24.3244,149
FAST,3.87778,150,ORB,18.9332,MAT_BF,SEL_NN,1.87032,152
FAST,3.79175,155,ORB,13.6964,MAT_BF,SEL_NN,1.9989,150
FAST,3.83152,149,ORB,12.501,MAT_BF,SEL_NN,1.24275,155
FAST,2.92086,149,ORB,13.6593,MAT_BF,SEL_NN,0.93935,149
FAST,3.979,156,ORB,11.3022,MAT_BF,SEL_NN,1.08479,149
FAST,2.80818,150,ORB,10.9855,MAT_BF,SEL_NN,0.778482,156
FAST,2.93901,138,ORB,10.4739,MAT_BF,SEL_NN,1.13244,150
FAST,2.24454,143,ORB,10.4725,MAT_BF,SEL_NN,1.66651,138
