Detector Type, Detector Time, #KP, Descriptor Type, Descriptor Time, Matcher Type, Selector Type, Matching Time, #Matched KP
FAST,7.8727,149,SIFT,52.6171,FAST,0.94797,152,SIFT,30.0762,MAT_FLANN,SEL_NN,5.6051,149
FAST,1.76804,150,SIFT,38.853,MAT_FLANN,SEL_NN,5.07926,152
FAST,1.12484,155,SIFT,29.635,MAT_FLANN,SEL_NN,3.72202,150
FAST,0.990478,149,SIFT,34.4653,MAT_FLANN,SEL_NN,2.79288,155
FAST,1.14384,149,SIFT,28.9606,MAT_FLANN,SEL_NN,3.79236,149
FAST,1.16657,156,SIFT,39.3208,MAT_FLANN,SEL_NN,3.94708,149
FAST,1.00484,150,SIFT,55.9504,MAT_FLANN,SEL_NN,4.72519,156
FAST,0.876112,138,SIFT,32.829,MAT_FLANN,SEL_NN,4.80119,150
FAST,1.35412,143,SIFT,42.5693,MAT_FLANN,SEL_NN,2.79499,138
