Detector Type, Detector Time, #KP, Descriptor Type, Descriptor Time, Matcher Type, Selector Type, Matching Time, #Matched KP
FAST,4.43317,149,BRIEF,4.87746,FAST,1.35349,152,BRIEF,0.98517,MAT_FLANN,SEL_KNN,11.7319,90
FAST,1.38433,150,BRIEF,1.04995,MAT_FLANN,SEL_KNN,3.25311,100
FAST,6.63727,155,BRIEF,0.760983,MAT_FLANN,SEL_KNN,1.99624,88
FAST,0.995917,149,BRIEF,0.809317,MAT_FLANN,SEL_KNN,4.83814,102
FAST,1.43128,149,BRIEF,2.4272,MAT_FLANN,SEL_KNN,5.22525,95
FAST,1.36746,156,BRIEF,1.19231,MAT_FLANN,SEL_KNN,2.92479,98
FAST,1.39476,150,BRIEF,2.15447,MAT_FLANN,SEL_KNN,2.95569,112
FAST,1.49259,138,BRIEF,1.30894,MAT_FLANN,SEL_KNN,4.7662,107
FAST,2.17803,143,BRIEF,1.11785,MAT_FLANN,SEL_KNN,2.63435,96
