Detector Type, Detector Time, #KP, Descriptor Type, Descriptor Time, Matcher Type, Selector Type, Matching Time, #Matched KP
FAST,1.14198,149,SIFT,33.5037,FAST,1.97548,152,SIFT,25.3323,MAT_BF,SEL_KNN,1.16831,118
FAST,1.05134,150,SIFT,33.8033,MAT_BF,SEL_KNN,0.65545,123
FAST,1.56933,155,SIFT,34.8846,MAT_BF,SEL_KNN,0.92957,110
FAST,1.30865,149,SIFT,30.8793,MAT_BF,SEL_KNN,6.44176,119
FAST,1.68871,149,SIFT,32.846,MAT_BF,SEL_KNN,0.872114,114
FAST,1.33857,156,SIFT,33.4833,MAT_BF,SEL_KNN,2.55862,119
FAST,0.84895,150,SIFT,32.0837,MAT_BF,SEL_KNN,1.59292,123
FAST,2.09658,138,SIFT,34.6153,MAT_BF,SEL_KNN,1.09675,117
FAST,1.06108,143,SIFT,34.0767,MAT_BF,SEL_KNN,0.769502,103
