Detector Type, Detector Time, #KP, Descriptor Type, Descriptor Time, Matcher Type, Selector Type, Matching Time, #Matched KP
FAST,2.79642,149,BRIEF,7.4665,FAST,1.69672,152,BRIEF,1.1536,MAT_FLANN,SEL_NN,6.74358,149
FAST,1.7051,150,BRIEF,3.22455,MAT_FLANN,SEL_NN,2.87383,152
FAST,1.35697,155,BRIEF,0.647306,MAT_FLANN,SEL_NN,2.03234,150
FAST,0.931554,149,BRIEF,0.937188,MAT_FLANN,SEL_NN,6.89027,155
FAST,1.4482,149,BRIEF,0.733909,MAT_FLANN,SEL_NN,2.08498,149
FAST,1.27915,156,BRIEF,2.04952,MAT_FLANN,SEL_NN,3.95267,149
FAST,2.0081,150,BRIEF,1.02045,MAT_FLANN,SEL_NN,2.46548,156
FAST,1.80449,138,BRIEF,2.56839,MAT_FLANN,SEL_NN,1.99586,150
FAST,1.42182,143,BRIEF,0.740792,MAT_FLANN,SEL_NN,1.65854,138
