Detector Type, Detector Time, #KP, Descriptor Type, Descriptor Time, Matcher Type, Selector Type, Matching Time, #Matched KP
FAST,8.15407,149,SIFT,55.7337,FAST,1.93993,152,SIFT,26.7414,MAT_BF,SEL_NN,11.0232,149
FAST,1.41182,150,SIFT,39.0357,MAT_BF,SEL_NN,0.91931,152
FAST,0.977854,155,SIFT,32.1934,MAT_BF,SEL_NN,0.549014,150
FAST,1.64442,149,SIFT,32.8544,MAT_BF,SEL_NN,0.770351,155
FAST,1.41106,149,SIFT,28.4106,MAT_BF,SEL_NN,0.768523,149
FAST,0.98935,156,SIFT,35.7946,MAT_BF,SEL_NN,0.772585,149
FAST,1.01359,150,SIFT,35.097,MAT_BF,SEL_NN,0.979129,156
FAST,0.989091,138,SIFT,33.4078,MAT_BF,SEL_NN,0.517111,150
FAST,1.84869,143,SIFT,35.0501,MAT_BF,SEL_NN,1.30679,138
