Detector Type, Detector Time, #KP, Descriptor Type, Descriptor Time, Matcher Type, Selector Type, Matching Time, #Matched KP
FAST,4.34942,149,BRIEF,20.499,FAST,1.76933,152,BRIEF,1.11208,MAT_BF,SEL_KNN,4.72121,119
FAST,1.63659,150,BRIEF,1.11736,MAT_BF,SEL_KNN,1.04764,130
FAST,2.56764,155,BRIEF,1.86878,MAT_BF,SEL_KNN,1.18487,118
FAST,2.718,149,BRIEF,1.75024,MAT_BF,SEL_KNN,2.18914,126
FAST,2.60274,149,BRIEF,7.0468,MAT_BF,SEL_KNN,1.3892,108
FAST,3.5307,156,BRIEF,1.88031,MAT_BF,SEL_KNN,2.07336,123
FAST,3.61406,150,BRIEF,1.88043,MAT_BF,SEL_KNN,0.952377,131
FAST,2.48053,138,BRIEF,1.88191,MAT_BF,SEL_KNN,1.06285,125
FAST,2.47395,143,BRIEF,1.92548,MAT_BF,SEL_KNN,1.79685,119
