Detector Type, Detector Time, #KP, Descriptor Type, Descriptor Time, Matcher Type, Selector Type, Matching Time, #Matched KP
FAST,8.72248,149,BRIEF,26.2356,FAST,2.92657,152,BRIEF,11.3711,MAT_BF,SEL_NN,19.1847,149
FAST,3.41598,150,BRIEF,2.02735,MAT_BF,SEL_NN,1.30204,152
FAST,3.45736,155,BRIEF,1.81335,MAT_BF,SEL_NN,1.05201,150
FAST,2.26528,149,BRIEF,2.51342,MAT_BF,SEL_NN,2.07681,155
FAST,3.99533,149,BRIEF,1.74712,MAT_BF,SEL_NN,1.06137,149
FAST,6.80062,156,BRIEF,1.70807,MAT_BF,SEL_NN,2.07685,149
FAST,2.51655,150,BRIEF,2.1408,MAT_BF,SEL_NN,1.82093,156
FAST,1.7604,138,BRIEF,1.15482,MAT_BF,SEL_NN,0.97792,150
FAST,2.24152,143,BRIEF,1.08598,MAT_BF,SEL_NN,0.68435,138
