Detector Type, Detector Time, #KP, Descriptor Type, Descriptor Time, Matcher Type, Selector Type, Matching Time, #Matched KP
FAST,3.27357,149,FREAK,80.2718,FAST,2.64451,152,FREAK,62.3132,MAT_BF,SEL_NN,10.2398,149
FAST,3.31309,150,FREAK,64.9118,MAT_BF,SEL_NN,0.875465,152
FAST,2.44677,155,FREAK,75.9969,MAT_BF,SEL_NN,0.847322,150
FAST,2.71498,149,FREAK,70.5851,MAT_BF,SEL_NN,1.23929,155
FAST,2.52604,149,FREAK,99.8533,MAT_BF,SEL_NN,1.08169,149
FAST,18.3079,156,FREAK,103.32,MAT_BF,SEL_NN,1.49405,149
FAST,3.16723,150,FREAK,72.0415,MAT_BF,SEL_NN,0.792375,156
FAST,2.6476,138,FREAK,60.5015,MAT_BF,SEL_NN,0.703002,150
FAST,3.938,143,FREAK,58.5247,MAT_BF,SEL_NN,0.678897,138
