Detector Type, Detector Time, #KP, Descriptor Type, Descriptor Time, Matcher Type, Selector Type, Matching Time, #Matched KP
SHITOMASI,71.3783,125,ORB,16.4582,SHITOMASI,30.7441,118,ORB,10.9426,MAT_BF,SEL_KNN,4.23728,104
SHITOMASI,37.5858,123,ORB,12.0829,MAT_BF,SEL_KNN,3.24306,103
SHITOMASI,33.8726,120,ORB,11.9459,MAT_BF,SEL_KNN,1.94076,100
SHITOMASI,39.3648,120,ORB,17.7778,MAT_BF,SEL_KNN,0.775542,102
SHITOMASI,49.3021,113,ORB,20.6394,MAT_BF,SEL_KNN,0.491438,103
SHITOMASI,41.0855,114,ORB,8.68994,MAT_BF,SEL_KNN,0.66865,98
SHITOMASI,61.0111,123,ORB,32.5586,MAT_BF,SEL_KNN,0.715943,98
SHITOMASI,47.2336,111,ORB,15.9012,MAT_BF,SEL_KNN,0.703478,102
SHITOMASI,35.6479,112,ORB,11.3568,MAT_BF,SEL_KNN,0.612195,97
