Detector Type, Detector Time, #KP, Descriptor Type, Descriptor Time, Matcher Type, Selector Type, Matching Time, #Matched KP
FAST,3.77475,149,FREAK,81.6089,FAST,2.39639,152,FREAK,67.838,MAT_BF,SEL_KNN,4.49204,98
FAST,3.20663,150,FREAK,75.1181,MAT_BF,SEL_KNN,1.05851,99
FAST,4.30213,155,FREAK,73.4339,MAT_BF,SEL_KNN,1.41894,91
FAST,2.75979,149,FREAK,72.5933,MAT_BF,SEL_KNN,0.987545,98
FAST,1.94077,149,FREAK,79.7518,MAT_BF,SEL_KNN,1.08957,85
FAST,2.01643,156,FREAK,73.7833,MAT_BF,SEL_KNN,0.879813,99
FAST,3.95427,150,FREAK,64.9416,MAT_BF,SEL_KNN,0.953302,102
FAST,4.05244,138,FREAK,62.853,MAT_BF,SEL_KNN,0.852645,101
FAST,3.95686,143,FREAK,63.2309,MAT_BF,SEL_KNN,0.931315,105
